{
  "device": "GPU (MPS)",
  "model": "Stories-110M",
  "model_key": "stories110m",
  "params_m": 84.953856,
  "tokens": 100,
  "avg_ms_per_token": 20.932724777282207,
  "avg_tokens_per_sec": 47.77208942646953,
  "avg_tflops": 2.077912681449172,
  "total_time_s": 2.1454417499771807,
  "flops_per_forward": 43496374272,
  "per_token_ms": [
    20.977416017558426,
    20.919582981150597,
    20.977791980840266,
    20.841999998083338,
    20.924791984725744,
    20.935332984663546,
    20.901207986753434,
    20.86991598480381,
    20.926333003444597,
    20.89070898364298,
    20.81483299843967,
    20.77645799727179,
    20.8884589956142,
    20.655832980992272,
    20.868959021754563,
    20.932874991558492,
    20.92899999115616,
    20.92812501359731,
    20.985292008845136,
    20.87825001217425,
    20.93266701558605,
    20.843541977228597,
    20.978374988771975,
    20.92729098512791,
    20.902208023471758,
    20.95970799564384,
    20.85095801157877,
    20.935207983711734,
    20.840291981585324,
    20.951708022039384,
    20.811750000575557,
    20.917375019052997,
    20.891291002044454,
    20.695500017609447,
    21.023874985985458,
    21.02470799582079,
    20.859417010797188,
    20.976917003281415,
    20.75162500841543,
    20.92212499701418,
    20.962084003258497,
    21.02395799010992,
    20.972416998120025,
    21.04133300599642,
    20.827542000915855,
    20.79445798881352,
    20.97741700708866,
    20.997124986024573,
    21.08741700067185,
    21.039708983153105,
    21.025374997407198,
    20.998291991418228,
    21.02487502270378,
    21.005625021643937,
    21.086709020892158,
    21.07149999937974,
    21.084749983856454,
    21.00604202132672,
    20.979166991310194,
    21.048540977062657,
    20.693208003649488,
    20.962332986528054,
    21.04704102384858,
    21.044291992438957,
    21.032000018749386,
    21.081124985357746,
    20.992624980863184,
    21.03933398029767,
    20.99795898539014,
    21.00754200364463,
    20.930124999722466,
    20.938292000209913,
    20.994541991967708,
    21.014792000642046,
    20.97962499829009,
    20.979749999241903,
    20.952416001819074,
    20.945249998476356,
    21.07129100477323,
    20.994207996409386,
    20.964833005564287,
    20.779999991646037,
    20.757333986693993,
    21.033666998846456,
    20.5539170128759,
    20.34041698789224,
    21.02629200089723,
    21.044125023763627,
    20.951417012838647,
    21.023709006840363,
    20.991584024159238,
    20.850000000791624,
    20.72379199671559,
    20.92729101423174,
    20.92029101913795,
    20.888958009891212,
    20.997874991735443,
    20.970875018974766,
    21.06174998334609,
    20.93724999576807
  ]
}