{
  "device": "GPU (MPS)",
  "model": "Stories-110M",
  "model_key": "stories110m",
  "params_m": 84.953856,
  "tokens": 100,
  "avg_ms_per_token": 30.342583737107972,
  "avg_tokens_per_sec": 32.95698245950734,
  "avg_tflops": 1.4335092439344703,
  "total_time_s": 3.1032367079969845,
  "flops_per_forward": 43496374272,
  "per_token_ms": [
    30.123333002848085,
    30.280083003162872,
    30.1949999993667,
    30.056040995987132,
    30.031792004592717,
    30.02004200243391,
    30.25133299524896,
    30.26908299943898,
    30.244792003941257,
    30.197000000043772,
    30.50112499477109,
    30.768582997552585,
    30.50379199703457,
    30.739875001017936,
    30.264125001849607,
    30.44575000240002,
    30.482000001939014,
    30.17829100281233,
    30.400457995710894,
    30.335374998685438,
    30.34033299627481,
    30.560749997675885,
    30.265875000623055,
    30.325874999107327,
    30.28762499889126,
    30.644957994809374,
    30.277208003099076,
    30.55383399623679,
    30.388416002097074,
    30.425249999098014,
    30.410250001295935,
    30.38708300300641,
    30.549041999620385,
    30.245292000472546,
    30.444750002061483,
    30.429415994149167,
    30.260999999882188,
    30.358541996974964,
    30.180292000295594,
    30.22091699676821,
    30.464834002486896,
    30.26545800094027,
    30.692915999679826,
    30.282250001619104,
    30.18708399758907,
    30.60666699457215,
    30.38287500385195,
    30.27254199696472,
    30.63691699935589,
    30.392915999982506,
    30.33691699965857,
    30.440667003858835,
    30.689957995491568,
    30.305750005936716,
    30.350916997122113,
    30.23854200000642,
    30.305749998660758,
    30.39183399960166,
    30.215167003916577,
    30.27499999734573,
    30.31283300515497,
    30.42483299941523,
    30.257624996011145,
    30.34533400204964,
    30.34670800116146,
    30.409582999709528,
    30.35529099724954,
    30.362999998033047,
    30.6370420003077,
    30.318874996737577,
    30.66683300130535,
    30.03345900651766,
    30.12545799720101,
    30.160957998305093,
    30.32291699491907,
    30.466707998130005,
    30.202041001757607,
    30.358457996044308,
    30.320208999910392,
    30.18250000604894,
    30.27299999666866,
    30.34470799320843,
    30.332292000821326,
    30.217416999221314,
    30.37683299771743,
    30.462499998975545,
    30.539625004166737,
    30.252666998421773,
    30.34745800687233,
    30.413332999160048,
    29.943042005470488,
    30.436125001870096,
    30.423208001593594,
    30.33033300016541,
    30.028375003894325,
    30.573666997952387,
    30.37045899691293,
    30.2067079974222,
    30.0755409989506,
    29.901624999183696
  ]
}