{
  "device": "GPU (MPS)",
  "model": "Tiny-ANE-15M",
  "model_key": "tiny_ane",
  "params_m": 5.115136,
  "tokens": 100,
  "avg_ms_per_token": 5.245678848160709,
  "avg_tokens_per_sec": 190.6330961054983,
  "avg_tflops": 0.49925847689251546,
  "total_time_s": 0.6447315420009545,
  "flops_per_forward": 2618949632,
  "per_token_ms": [
    5.133040998771321,
    7.113667001249269,
    6.805958997574635,
    6.510624996735714,
    5.048958002589643,
    4.908875002001878,
    4.985791994840838,
    5.0641249981708825,
    5.15629200526746,
    4.921374995319638,
    4.894541001704056,
    4.8790829969220795,
    4.873416997725144,
    4.985624997061677,
    4.89095899683889,
    4.8903329952736385,
    4.802499999641441,
    4.912541997327935,
    4.842292000830639,
    4.813708997971844,
    4.901458996755537,
    5.557332995522302,
    5.399458001193125,
    5.433416998130269,
    5.923207994783297,
    6.010208999214228,
    5.906291997234803,
    5.932000000029802,
    5.758166000305209,
    5.687708006007597,
    5.656499997712672,
    5.621666998194996,
    5.782917003671173,
    5.485292000230402,
    5.574292001256254,
    5.586334002146032,
    5.36479199945461,
    5.499291997693945,
    5.488125003466848,
    5.35945800220361,
    5.262999999104068,
    5.296708004607353,
    5.341959003999364,
    5.219999999098945,
    5.302625002514105,
    5.257417004031595,
    5.091790997539647,
    5.167875002371147,
    5.01016600173898,
    5.131541001901496,
    5.1444170021568425,
    5.0977499995497055,
    5.002957994292956,
    5.093458996270783,
    5.0829579995479435,
    5.091166000056546,
    5.118207998748403,
    5.09579099889379,
    5.076499997812789,
    5.083666001155507,
    5.113750004966278,
    5.091166000056546,
    5.120999994687736,
    5.274750001262873,
    5.0496670010033995,
    5.1740000053541735,
    5.091458995593712,
    5.101583003124688,
    5.07712499529589,
    5.125791001773905,
    5.108833000122104,
    5.081625000457279,
    5.120083995279856,
    5.314207999617793,
    5.126041003677528,
    5.3160829993430525,
    5.114208004670218,
    5.111250000481959,
    5.124791001435369,
    5.0169999958598055,
    5.09299999976065,
    5.095209002320189,
    5.067750003945548,
    5.053875000157859,
    5.540250000194646,
    5.049499995948281,
    5.093458996270783,
    5.09816699923249,
    5.045957994298078,
    5.107040997245349,
    5.113999999593943,
    4.992458001652267,
    5.0458329933462664,
    5.424333001428749,
    5.087083001853898,
    5.048834005719982,
    5.270207999274135,
    5.104083000333048,
    5.033875000663102,
    5.104332994960714
  ]
}