{
  "device": "GPU (MPS)",
  "model": "Stories-110M",
  "model_key": "stories110m",
  "params_m": 84.953856,
  "tokens": 100,
  "avg_ms_per_token": 21.01846844412979,
  "avg_tokens_per_sec": 47.57720585865466,
  "avg_tflops": 2.0694359528440343,
  "total_time_s": 2.164495540986536,
  "flops_per_forward": 43496374272,
  "per_token_ms": [
    21.890875010285527,
    21.065124979941174,
    20.927750010741875,
    20.557957992423326,
    20.92587502556853,
    21.04133300599642,
    21.020167012466118,
    20.83579101599753,
    20.55370798916556,
    20.54758300073445,
    21.0036670032423,
    20.997375017032027,
    20.935291977366433,
    20.67391699529253,
    21.04429100290872,
    21.00975002394989,
    20.816042000660673,
    21.816041989950463,
    21.016250015236437,
    20.895333000225946,
    21.103458013385534,
    21.100792015204206,
    21.913208009209484,
    21.06583400745876,
    21.099083009175956,
    20.78383299522102,
    20.575458009261638,
    21.03158298996277,
    21.10554199316539,
    21.1894589883741,
    20.84645800641738,
    20.888583007035777,
    20.862957986537367,
    21.038167004007846,
    20.925667020492256,
    20.632542000385,
    21.102291997522116,
    20.83854199736379,
    21.030458010500297,
    21.006875002058223,
    20.93666698783636,
    21.05966699309647,
    22.133959020720795,
    20.988665986806154,
    20.88758398895152,
    21.035415993537754,
    21.005084010539576,
    21.232666011201218,
    21.063624997623265,
    20.886165992124006,
    21.073415991850197,
    21.110041008796543,
    21.899792016483843,
    20.64120798604563,
    21.19224998750724,
    21.172250009840354,
    20.81049999105744,
    20.804750005481765,
    20.85466601420194,
    21.081167011288926,
    21.010958997067064,
    20.919041999150068,
    20.626875018933788,
    20.947249984601513,
    20.954124978743494,
    20.929874997818843,
    20.8965000056196,
    20.73200000450015,
    20.83020898862742,
    20.806499989703298,
    21.011000004364178,
    20.521082973573357,
    20.94399998895824,
    21.37274999404326,
    20.50908299861476,
    22.51991699449718,
    21.165457990719005,
    21.075833996292204,
    21.14925000932999,
    20.878334005828947,
    21.108749991981313,
    20.97787498496473,
    20.8097500144504,
    20.90929201222025,
    21.255291998386383,
    20.898334012599662,
    21.59145797486417,
    21.004750014981255,
    20.990374992834404,
    20.86620801128447,
    21.03891599108465,
    21.13333300803788,
    21.102082973811775,
    21.027083013905212,
    20.756041980348527,
    20.600333984475583,
    21.982791979098693,
    21.14029199583456,
    21.18929199059494,
    20.952499995473772
  ]
}