{
  "device": "GPU (MPS)",
  "model": "Tiny-ANE-15M",
  "model_key": "tiny_ane",
  "params_m": 5.115136,
  "tokens": 100,
  "avg_ms_per_token": 3.9159381107163775,
  "avg_tokens_per_sec": 255.36665078117414,
  "avg_tflops": 0.6687923960884284,
  "total_time_s": 0.5126432919932995,
  "flops_per_forward": 2618949632,
  "per_token_ms": [
    3.945125004975125,
    4.560125002171844,
    4.104499996174127,
    3.9927500183694065,
    3.9450829790439457,
    4.611542011843994,
    3.8159170071594417,
    3.8659579877275974,
    3.9396250213030726,
    3.800207981839776,
    3.9361670205835253,
    3.82904100115411,
    3.8845830131322145,
    3.889749990776181,
    3.868542000418529,
    3.85354200261645,
    3.9204999920912087,
    3.852915979223326,
    3.8559169915970415,
    3.8632910000160336,
    3.853875008644536,
    3.9455409860238433,
    3.858916985336691,
    3.8585829897783697,
    3.8950830057729036,
    3.870375017868355,
    3.873916022712365,
    3.8808340032119304,
    3.70570900849998,
    3.9753329765517265,
    3.8872089935466647,
    3.8813750143162906,
    3.8072089955676347,
    3.9282499928958714,
    3.829915978712961,
    4.012332996353507,
    3.8357499870471656,
    3.9025000005494803,
    3.988125012256205,
    3.946874989196658,
    3.849042026558891,
    3.9110410143621266,
    3.860541997710243,
    3.878457995597273,
    3.7497080047614872,
    3.9383749826811254,
    3.8568329764530063,
    3.8542090042028576,
    3.7991669960319996,
    3.8820410263724625,
    3.8783340132795274,
    3.925917000742629,
    3.8333749980665743,
    4.012833000160754,
    3.9604579797014594,
    3.8899999926798046,
    3.937125002266839,
    3.7950830010231584,
    3.9748749986756593,
    3.870457992888987,
    3.8388330140151083,
    3.8042080122977495,
    3.9803330146241933,
    3.7779169797431678,
    3.8362499908544123,
    3.780666011152789,
    3.8800829788669944,
    3.874249989166856,
    3.937625006074086,
    3.9665839867666364,
    4.141709010582417,
    3.9194590062834322,
    3.957332985009998,
    3.8072500028647482,
    3.825250023510307,
    3.892125008860603,
    3.889749990776181,
    3.866042010486126,
    3.872959001455456,
    3.7694579805247486,
    3.781250008614734,
    3.7798749981448054,
    3.9542079903185368,
    5.0138749938923866,
    3.9087500190362334,
    3.9421250112354755,
    3.797292010858655,
    3.9437079976778477,
    3.8691659865435213,
    3.920167015166953,
    3.939165995689109,
    4.061374987941235,
    3.88137498521246,
    3.8377500022761524,
    3.9017919916659594,
    3.8630840135738254,
    4.12812500144355,
    3.94345898530446,
    3.8684999744873494,
    3.9392080216202885
  ]
}